{
  "hash": "d8c0f37f",
  "configHash": "c9cc4cf0",
  "lockfileHash": "c45ea841",
  "browserHash": "66e5882d",
  "optimized": {
    "@angular/common": {
      "src": "../../../../../../node_modules/@angular/common/fesm2022/common.mjs",
      "file": "@angular_common.js",
      "fileHash": "63fc4202",
      "needsInterop": false
    },
    "@angular/common/http": {
      "src": "../../../../../../node_modules/@angular/common/fesm2022/http.mjs",
      "file": "@angular_common_http.js",
      "fileHash": "c90c3968",
      "needsInterop": false
    },
    "@angular/core": {
      "src": "../../../../../../node_modules/@angular/core/fesm2022/core.mjs",
      "file": "@angular_core.js",
      "fileHash": "fae72bf4",
      "needsInterop": false
    },
    "@angular/forms": {
      "src": "../../../../../../node_modules/@angular/forms/fesm2022/forms.mjs",
      "file": "@angular_forms.js",
      "fileHash": "3184ae98",
      "needsInterop": false
    },
    "@angular/platform-browser": {
      "src": "../../../../../../node_modules/@angular/platform-browser/fesm2022/platform-browser.mjs",
      "file": "@angular_platform-browser.js",
      "fileHash": "9e3c76c8",
      "needsInterop": false
    },
    "@angular/router": {
      "src": "../../../../../../node_modules/@angular/router/fesm2022/router.mjs",
      "file": "@angular_router.js",
      "fileHash": "73a4fa54",
      "needsInterop": false
    },
    "@azure/storage-blob": {
      "src": "../../../../../../node_modules/@azure/storage-blob/dist-esm/storage-blob/src/index.browser.js",
      "file": "@azure_storage-blob.js",
      "fileHash": "1d608b64",
      "needsInterop": false
    }
  },
  "chunks": {
    "chunk-7DE2UOQS": {
      "file": "chunk-7DE2UOQS.js"
    },
    "chunk-EPBSJKXT": {
      "file": "chunk-EPBSJKXT.js"
    },
    "chunk-3HO6JL33": {
      "file": "chunk-3HO6JL33.js"
    },
    "chunk-QPOZYRJT": {
      "file": "chunk-QPOZYRJT.js"
    },
    "chunk-OOMC4PZZ": {
      "file": "chunk-OOMC4PZZ.js"
    }
  }
}